{
  "project_info": {
    "project_number": "1026479215066",
    "project_id": "projetotelacadastro",
    "storage_bucket": "projetotelacadastro.appspot.com"
  },
  "client": [
    {
      "client_info": {
        "mobilesdk_app_id": "1:1026479215066:android:9daa6c24b863608475b0e3",
        "android_client_info": {
          "package_name": "com.example.aula4_telalogin"
        }
      },
      "oauth_client": [],
      "api_key": [
        {
          "current_key": "AIzaSyAxp2QAt0_Yyvgil6mG15EBq0YXuZTayYU"
        }
      ],
      "services": {
        "appinvite_service": {
          "other_platform_oauth_client": []
        }
      }
    }
  ],
  "configuration_version": "1"
}